{
  "id": "",
  "name": "",
  "font_family": "iconfont",
  "css_prefix_text": "icon-",
  "description": "",
  "glyphs": [
    {
      "icon_id": "1892581",
      "name": "查询",
      "font_class": "chaxun",
      "unicode": "e610",
      "unicode_decimal": 58896
    },
    {
      "icon_id": "11928176",
      "name": "充值",
      "font_class": "chongzhi",
      "unicode": "e62d",
      "unicode_decimal": 58925
    },
    {
      "icon_id": "12362042",
      "name": "订单",
      "font_class": "icon-",
      "unicode": "e658",
      "unicode_decimal": 58968
    }
  ]
}
