{
  "id": "",
  "name": "",
  "font_family": "iconfont",
  "css_prefix_text": "icon-",
  "description": "",
  "glyphs": [
    {
      "icon_id": "462770",
      "name": "money",
      "font_class": "money",
      "unicode": "e611",
      "unicode_decimal": 58897
    },
    {
      "icon_id": "637759",
      "name": "订单",
      "font_class": "dingdan",
      "unicode": "e60a",
      "unicode_decimal": 58890
    },
    {
      "icon_id": "774409",
      "name": "退出",
      "font_class": "tuichu",
      "unicode": "e639",
      "unicode_decimal": 58937
    },
    {
      "icon_id": "797163",
      "name": "收银中心",
      "font_class": "shouyinzhongxin",
      "unicode": "e67e",
      "unicode_decimal": 59006
    },
    {
      "icon_id": "1166722",
      "name": "放大镜",
      "font_class": "fangdajing",
      "unicode": "e63d",
      "unicode_decimal": 58941
    },
    {
      "icon_id": "1766313",
      "name": "人物-人",
      "font_class": "ren",
      "unicode": "e686",
      "unicode_decimal": 59014
    },
    {
      "icon_id": "2418243",
      "name": "更多",
      "font_class": "gengduo",
      "unicode": "e66c",
      "unicode_decimal": 58988
    },
    {
      "icon_id": "3090321",
      "name": "人物-头像",
      "font_class": "character-avatar",
      "unicode": "e62f",
      "unicode_decimal": 58927
    },
    {
      "icon_id": "6997493",
      "name": "我 的",
      "font_class": "wodedangxuan",
      "unicode": "e608",
      "unicode_decimal": 58888
    },
    {
      "icon_id": "9851590",
      "name": "服务",
      "font_class": "fuwu",
      "unicode": "e612",
      "unicode_decimal": 58898
    },
    {
      "icon_id": "14341988",
      "name": "home",
      "font_class": "home",
      "unicode": "e7c0",
      "unicode_decimal": 59328
    }
  ]
}
