{
  "id": "",
  "name": "",
  "font_family": "iconfont",
  "css_prefix_text": "icon-",
  "description": "",
  "glyphs": [
    {
      "icon_id": "740913",
      "name": "收银中心",
      "font_class": "shouyinzhongxin",
      "unicode": "e6b7",
      "unicode_decimal": 59063
    },
    {
      "icon_id": "975385",
      "name": "订单",
      "font_class": "single",
      "unicode": "e6bd",
      "unicode_decimal": 59069
    },
    {
      "icon_id": "1372631",
      "name": "我的",
      "font_class": "wode",
      "unicode": "e60c",
      "unicode_decimal": 58892
    },
    {
      "icon_id": "1440911",
      "name": "首页",
      "font_class": "shouye",
      "unicode": "e63d",
      "unicode_decimal": 58941
    },
    {
      "icon_id": "2678572",
      "name": "百分比",
      "font_class": "baifenbi",
      "unicode": "e63b",
      "unicode_decimal": 58939
    },
    {
      "icon_id": "6997483",
      "name": "我 的",
      "font_class": "wodedangxuan",
      "unicode": "e607",
      "unicode_decimal": 58887
    },
    {
      "icon_id": "8229473",
      "name": "退出",
      "font_class": "tuichu",
      "unicode": "e612",
      "unicode_decimal": 58898
    },
    {
      "icon_id": "9851590",
      "name": "服务",
      "font_class": "fuwu",
      "unicode": "e611",
      "unicode_decimal": 58897
    },
    {
      "icon_id": "14978897",
      "name": "fx-sku",
      "font_class": "fx-sku",
      "unicode": "e606",
      "unicode_decimal": 58886
    }
  ]
}
